path,header,row_count,sha256,scope
fontes/catalogo.csv,id|path|source_url|institution|document_type|version_or_date|accessed_at|sha256|status|notes,10,bc6bc33403562301ee9883bc9258e7ad0549b6516d72473cd771e412844504b5,curated global source catalog
administracao/dados/fontes.csv,arquivo|sha256|tamanho_bytes|instituicao|data_consulta|tipo|caminho_local|url_oficial|status,54,cb6ccee931115ba173f726a6acfd1af9b111e20f1fa4752451703b44d2475b45,administrative data or historical series
administracao/dados/inep/fontes/manifesto-fontes-volumosas.csv,id|title|institution|source_url|accessed_at|document_date|document_type|local_path|sha256|version_or_validity|purpose|status|notes,22,f1a305b3d0af811ffb984dd8fd518be289aa7d7f85e1ec5348b030061c5b7711,administrative data or historical series
administracao/dados/inep/trajetoria_informatica_biomedica_ufpr.csv,CO_IES|NO_IES|TP_CATEGORIA_ADMINISTRATIVA|TP_ORGANIZACAO_ACADEMICA|CO_CURSO|NO_CURSO|CO_REGIAO|CO_UF|CO_MUNICIPIO|TP_GRAU_ACADEMICO|TP_MODALIDADE_ENSINO|CO_CINE_ROTULO|NO_CINE_ROTULO|CO_CINE_AREA_GERAL|NO_CINE_AREA_GERAL|NU_ANO_INGRESSO|NU_ANO_REFERENCIA|NU_PRAZO_INTEGRALIZACAO|NU_ANO_INTEGRALIZACAO|NU_PRAZO_ACOMPANHAMENTO|NU_ANO_MAXIMO_ACOMPANHAMENTO|QT_INGRESSANTE|QT_PERMANENCIA|QT_CONCLUINTE|QT_DESISTENCIA|QT_FALECIDO|TAP|TCA|TDA|TCAN|TADA|ARQUIVO_FONTE,85,b8ce653a1b226a284419fa1f0b75c194773e4fd3f0776bf52b62dae290c3c41b,administrative data or historical series
administracao/dados/inep/trajetoria_informatica_biomedica_ufpr_resumo_coortes_2011_2020.csv,coorte_ingresso|ingressantes|prazo_integralizacao_anos|ano_esperado_integralizacao|observacao_ano_esperado_disponivel|ultima_observacao_ano|ano_esperado_permanencia|ano_esperado_concluintes_ano|ano_esperado_desistencias_ano|ano_esperado_tap|ano_esperado_tca_acumulada|ano_esperado_tda_acumulada|ano_esperado_tcan_anual|ano_esperado_tada_anual|ultima_observacao_permanencia|ultima_observacao_concluintes_ano|ultima_observacao_desistencias_ano|ultima_observacao_tap|ultima_observacao_tca_acumulada|ultima_observacao_tda_acumulada|ultima_observacao_tcan_anual|ultima_observacao_tada_anual,10,f43129bc844802fefd40635adaf125c7c8446ae209a3c3ab590d14736eddb0c7,administrative data or historical series
administracao/dados/inep/trajetoria_informatica_biomedica_ufpr_serie_anual_2011_2020.csv,ano_referencia|coortes_observadas|ingressantes_novas_coortes|permanencia_ativa_nas_coortes|concluintes_anuais_nas_coortes|desistencias_anuais_nas_coortes|falecidos_anuais_nas_coortes,10,0e7f510a817db487f7e7a2fe50b89ebd16cdce1329105397f93404d8d4788666,administrative data or historical series
administracao/dados/ufpr/candidatos_ocupacao_nc.csv,ano_referencia|processo|indicador|valor|definicao|url|cobertura,2,7005c5d3525dffc868c2b02fe4737711f4ebe36fb9c44ac521c290639828d26e,administrative data or historical series
administracao/dados/ufpr/serie_anual_ingressantes_procura_observatorio.csv,ano|ingressantes|candidatos_por_vaga|filtro_painel|fonte|observacao,12,7acb167d6c77f46891f85df0b95fd92f03ad430bdc3ce5b1114c2d83c778dfd9,administrative data or historical series
administracao/dados/ufpr/vagas_oficiais_por_processo.csv,processo_seletivo|curso|campus|ps_ufpr_vagas|sisu_vagas|total_vagas|situacao|fonte|observacao,9,dcc0a8246d1cdd0de04201544a86fb0681cbda58bc884cdf8dccac3b3cc6841b,administrative data or historical series
administracao/historico/atos-originais/buscas.csv,search_id|target_id|accessed_at|domains|terms_or_url|result|limits,8,356e3cc3a83962d460cac02e674beb987fe7f29f3dd1badc53b3bfc6ff7b4df6,administrative data or historical series
administracao/historico/atos-originais/checkpoint.csv,local_path|sha256|status|source_url|notes,1,18bde169a22fc43e07bb21ac131d75be05870e4c24ca9906c34a5b14c74509a7,administrative data or historical series
administracao/historico/atos-originais/dados-portaria-44.csv,evidence_id|pdf_page|annex_row|act_number|act_date|emec_record|course|institution|maintainer|annual_seats_as_printed|address_as_printed|scope|limits,1,a58008ef6581d15820a556f873126013f2fc17380843c1e1bbaf0e071875821f,administrative data or historical series
administracao/historico/atos-originais/manifesto.csv,id|title|institution|source_url|accessed_at|document_date|document_type|local_path|sha256|version_or_validity|purpose|status|notes,1,f1e909546a32013e9b3764b05d74cd6434528aa70691ad182e047873b6f577b2,administrative data or historical series
administracao/historico/atos-originais/registros.csv,target_id|target|status|evidence_id|evidence_path|locator|limits,2,b52d9acef8311ce9fab582f52857ff5500928d6bf9cc3e00e7fc0ae505eabf29,administrative data or historical series
administracao/historico/avaliacoes.csv,id|evaluation_front|status|source_id|reference_period|universe|denominator|measure_or_finding|local_path|sha256|comparability_notes,5,70f1fb348c64512db551674fea98947fbb3fc3b4e699e0d24d752acfa95892f8,administrative data or historical series
administracao/historico/buscas-negativas.csv,id|target|access_date|official_domains_and_systems|queries_or_terms|result|limits,11,4c65fc263848a183a0ff2adcd05aeb90c9023433ac007255f49ac8bddf8a83fd,administrative data or historical series
administracao/historico/fontes/manifesto.csv,id|title|institution|source_url|accessed_at|document_date|document_type|local_path|sha256|version_or_validity|purpose|status|notes,10,fc04491f08f52fc64e51045c7f7e283add03bf73bd8ce43737b95ba2b945e736,administrative data or historical series
administracao/historico/series-complementares.csv,id|series_front|status|reference_period|universe|denominator|value|unit|source_id|local_path|comparability_notes,5,18b425a0584550904ef2f031fa3ea67072c83136ed659fe52b22b560f6166294,administrative data or historical series
administracao/historico/transicoes.csv,id|object|stage|status|evidence_class|source_id|act_or_record|document_date|local_path|sha256|established|limits,9,d92f8d1bb389e69123c5402cf940d65dab9ca2f5249e3a157cfac918c1c2b109,administrative data or historical series
curriculos/2011/fichas/manifesto.csv,record_id|code|document_type|term_class|document_date|source_url|local_path|sha256|applicability|status|notes,1,30ebe892796e3fa7d3af6cc35d1adb5f3386913f9c3e642f266fa79cd59d222e,repository dataset
curriculos/2011/fontes/manifesto.csv,id|title|institution|source_url|accessed_at|document_date|document_type|local_path|sha256|version_or_validity|purpose|status|notes,41,68ec4e15d376d48fd319b900d395e4f90b72bd72c82154ba251dc01c8e9e6e13,repository dataset
curriculos/2011/inventario/buscas-negativas.csv,search_id|accessed_at|domains|terms|targets|result|limits,2,667629907a0facbd90633c649c81ce0416c3e6905bb3886dc7381046603e5f62,curriculum inventory or formal structure
curriculos/2011/inventario/componentes.csv,target_id|target_type|code|title|status|recommended_term|total_hours|weekly_total_hours|credits|formal_evidence_path|formal_evidence_sha256|applicability|department|department_state|prerequisite|prerequisite_state|corequisite|corequisite_state|equivalence|equivalence_state|hidden_requirement|hidden_requirement_state|ficha1_status|ficha1_evidence_path|ficha1_applicability|ficha2_status|gaps_conflicts,41,3aa1f75002dff58b67c184cf6f5c67ce7c2adbebc9adbd9b76f0be550c210c44,curriculum inventory or formal structure
curriculos/2011/inventario/dependencias.csv,dependency_id|from_target|to_target|relation|requirement_text|evidence_path|sha256|status|applicability|notes,33,ba7b1796a607264d3a73233cc4a91b307562ded0cdfffc7a7c0b143e54c57352,curriculum inventory or formal structure
curriculos/2011/inventario/divergencias.csv,divergence_id|subject|evidence_path|evidence_sha256|direct_evidence|calculation_or_inference|classification|status|review_claim_path|review_claim_status|notes,1,08a975eadc40f799bce2792544f0ddacd805b193d6d4851c6fb86fa14ec54a2f,curriculum inventory or formal structure
curriculos/2011/inventario/ementas.csv,target_id|code|ementa|evidence_type|evidence_path|sha256|document_date|applicability|status|notes,38,59116d0a662a3086a57a489cc79f962711ed5f360d121cd026c2f2648917f1dd,curriculum inventory or formal structure
curriculos/2011/inventario/optativas.csv,code|title|hours|credits|formal_evidence_path|formal_evidence_sha256|catalog_status|notes,64,1611384cce4ecad8e178556f587cda6c67e92edf00d6a9f55aaf3e8cd9c44155,curriculum inventory or formal structure
curriculos/2023/fichas/manifesto-dinf.csv,code|kind_in_index|index_label|source_url|local_path|status|sha256|bytes,36,c916eaf07df2443194f68d261eafdf553bd9d7813dd0130c73da9983345f33aa,repository dataset
curriculos/2023/fichas/manifesto-outros-departamentos.csv,code|kind|version_or_term|source_url|local_path|status|sha256|notes,4,8c72a90ff6cda3d6e27153bfc4e5fb123b3581a433162fa45c08a02d1e3e6652,repository dataset
curriculos/2023/fontes/manifesto.csv,id|title|institution|source_url|accessed_at|document_date|document_type|local_path|sha256|version_or_validity|purpose|status|notes,12,143c23bd4d98ecfb84b955939a41c00c5242a1b8be39628d486def0805d0ebf5,repository dataset
curriculos/2023/inventario/buscas-negativas.csv,search_id|accessed_at|official_domains|terms|result|limits|affected_targets,4,6c18aad3707070662de900fe8467111c00fcc76a42151cbe9d27a0532b477ab8,curriculum inventory or formal structure
curriculos/2023/inventario/componentes.csv,code|title|recommended_period|nature|total_hours|department_evidence|ficha1_status|ficha1_path|ficha1_sha256|applicability_2023|ficha2_status|evidence_status|gaps_or_conflicts|formal_basis,43,6ded37392f0fe94016a14aa5f005b7487adcb0cc8e2a7b75da2fae56c1f9d5e1,curriculum inventory or formal structure
curriculos/2023/inventario/dependencias.csv,dependent_code|prerequisite_code|relation|source|notes,21,f82126409f53820b3c4a266158141ea2bda2bd717b6450b070104b70ef478103,curriculum inventory or formal structure
curriculos/2023/inventario/ementas.csv,code|document_kind|document_path|sha256|document_version_or_term|applicability_2023|transcription_status|notes,40,23c15cb8d227d8e4f74f8d7d4e7366caa5f5efeb0f7dcd0416d3785001237f2f,curriculum inventory or formal structure
curriculos/2023/inventario/optativas.csv,code|title|total_hours|formal_source|status|notes,92,212232f97695f08d636839a62dde5fb087bef586993224c07cca04704cb5336b,curriculum inventory or formal structure
curriculos/2023/inventario/regulamentos.csv,id|subject|location_in_source|formal_requirement|source_path|source_sha256|status|notes,5,26bbbb6750723b21c6b834ec7c78ea157cded5639abeb2a73c35512c5f644f86,curriculum inventory or formal structure
dados/curriculos/2023/fichas-1-lotes/D01/ementas.csv,document_id|document_kind|code|source_title|ementa|source_total_hours|unit_department|document_date|signature_date|applicability_2023|source_path|source_sha256|source_url|title_locator|ementa_locator|total_hours_locator|unit_locator|date_locator|normalization_notes,5,54bc35edf6c32c51bf97e3f1346de28ff50c484ad2c8adf566df54bd958153f4,repository dataset
