search_id,accessed_at,domains,terms,target,result,limits,consequence
W036-01,2026-09-10,web.inf.ufpr.br/bcc,Grade Curricular 2023 exact-code links,"all 20 prior missing-Ficha-1 targets","Located Ficha 1 PDFs for CM303 CM304 CM310 CM311 CI1169 and CI1172; located a non-Ficha ementa for CE009.",BCC page and linked public files only,Six targets move from not located to located version; CE009 remains missing as Ficha 1.
W036-02,2026-09-10,web.inf.ufpr.br/dinf,"WordPress public search for CI1054 CI1101 CI1131 CI1132 CI1133 CI1134 CI1244",seven remaining DInf targets,No target page or attachment returned.,Public unauthenticated search endpoint only,No additional DInf Ficha located.
W036-03,2026-09-10,bio.ufpr.br/anatomia,"BA040; Anatomia Humana Sistêmica; Ficha",BA040,Departmental page lists the code/title but no Ficha link.,Public departmental pages and media search only,Request Ficha 1 and term-specific Ficha 2 from Anatomy.
W036-04,2026-09-10,bio.ufpr.br/bioquimica,"BQ112; Introdução a Bioquímica; Ficha",BQ112,"Departmental page exposes older BQ005 with the same title and BQ083 but not BQ112; guessed exact BQ112 filenames returned 404.",Public departmental page media index and four exact likely paths only,Do not substitute BQ005; request BQ112 from Biochemistry and Molecular Biology.
W036-05,2026-09-10,bio.ufpr.br/genetica,"BG079; Genética e Evolução para Informática Biomédica; Ficha",BG079,Departmental page lists historical BG054 but not BG079 and exposes no target Ficha.,Public departmental page and search endpoint only,Do not substitute BG054; request BG079 from Genetics.
W036-06,2026-09-10,bio.ufpr.br,"BC056; Fundamentos de Biologia Celular e Tecidual; Ficha",BC056,No target Ficha located.,Public sector search and accessible departmental routes only,Request BC056 from Cell Biology.
W036-07,2026-09-10,saude.ufpr.br/enfermagem,"MN129 MN163; 2023 2024 2025 2026; planos de ensino",MN129 and MN163,Latest indexed teaching-plan page found was 2022 and contains only the already preserved MN129 2022.1 plan; no MN163 or 2023-2026 target plan located.,Public pages WordPress search and media index only,Request Ficha 1 and term-specific plans from Nursing.
W036-08,2026-09-10,ufpr.br official domains,"exact code plus Ficha 1/Ficha 2/PDF for all remaining targets",all remaining targets,No additional qualifying target Ficha returned by renewed indexed web searches.,Public indexed search only; authenticated SIGA excluded,Remaining outcomes are not located rather than nonexistent.
W036-09,2026-09-10,web.inf.ufpr.br/bcc,Disciplinas and planos de ensino,term-specific Ficha 2,Page directs teaching plans to SIGA rather than exposing them publicly.,Public BCC page only,Request or export 2023-2026 term/class plans through SIGA or offering units.
