provision_id,topic,curriculum_version,source_kind,rule_type,rule_text,workload,eligibility,process,approval_evaluation,evidence_status,uncertainty,source_path,source_sha256,source_url,locator,normalization_notes
W021-2011-PPC-TCC-01,TCC,2011,PPC,scope/workload,"Considera-se que o Trabalho de Conclusão de Curso (TCC) é de extrema importância na formação do aluno. O TCC em Informática Biomédica terá uma carga horária de 120h onde o aluno deverá aplicar os conhecimentos envolvendo as áreas da Ciência da Computação, Biologia e/ou Saúde. Como o curso tem por essência a multidisciplinaridade, o aluno deverá obrigatoriamente envolver mais de uma área no TCC. A regulamentação do TCC será feita pelo Colegiado do curso.",120h,"Aluno do curso; o TCC deverá envolver obrigatoriamente mais de uma área entre Ciência da Computação, Biologia e/ou Saúde.",Regulamentação a ser feita pelo Colegiado do curso.,not stated,proven,none,curriculos/2011/fontes/ppc-2011.pdf,ab0bf7e45575baa9ad8cad429d5f5e2467093a5dd8c2852c7d54cdd0ec1f891d,https://ibm.inf.ufpr.br/media/ppc-bib-1-1.pdf,"PDF p. 26, seção 12.3 “Estágio curricular e TCC”","Whitespace and line-break normalization only; original language, order, numbering and punctuation retained; preserved PDF is authoritative."
W021-2011-PPC-TCC-02,TCC,2011,PPC,evaluation,"II - Monografia: desenvolver as atividades exigidas no Plano de Ensino da disciplina e obter, no mínimo, grau numérico 50 de média aritmética, na escala de zero a cem, no conjunto das tarefas realizadas, incluída a defesa pública, quando exigida.",not stated,Matrícula em disciplina de Monografia; source does not state an additional TCC eligibility condition here.,Atividades exigidas no Plano de Ensino da disciplina; defesa pública quando exigida.,"Mínimo de grau numérico 50 de média aritmética, escala zero a cem, no conjunto das tarefas; defesa pública incluída quando exigida; no exame final or second final evaluation in Monografia as stated on the same page.",proven,"The PPC uses “Monografia” in the evaluation rule and “TCC” in section 12.3; equivalence is source-contextual, not silently reconciled.",curriculos/2011/fontes/ppc-2011.pdf,ab0bf7e45575baa9ad8cad429d5f5e2467093a5dd8c2852c7d54cdd0ec1f891d,https://ibm.inf.ufpr.br/media/ppc-bib-1-1.pdf,"PDF p. 13, seção 6.4 “Avaliação do processo de ensino-aprendizagem”","Whitespace and line-break normalization only; original language, order, numbering and punctuation retained; preserved PDF is authoritative."
W021-2011-RES-TCC-01,TCC,2011,formal act,matrix provision,"CI262 Trabalho de Conclusão de Curso em Informática Biomédica — C.H. semanal: 04 (AT), 04 (AP), 00 (Est.), 08 (Tot.); Créd.: 06.",C.H. semanal AT 04; AP 04; Est. 00; Tot. 08; 06 créditos,not stated,Formal matrix entry.,not stated,proven,The act’s table abbreviations are retained without inferring conversion to hours.,curriculos/2011/fontes/resolucao-34-2010-cepe.pdf,bd1a73901393c98eb205a0adbaf8a36c1f6fcaa1b0130f4aed066fdc3c343a26,https://www.inf.ufpr.br/infobiomedica/Arquivos/CEPE_Resolucao_34_2010.pdf,"PDF p. 6, 8º semestre matrix, row CI262","Whitespace and line-break normalization only; original language, order, numbering and punctuation retained; preserved PDF is authoritative."
W021-2023-RES-TCC-01,TCC,2023,formal act,completion requirement,"Para a conclusão do Curso de Informática Biomédica será obrigatória a apresentação de Trabalho de Conclusão de Curso, conforme o regulamento próprio estabelecido pelo Colegiado de Curso.",not stated,Completion of the course requires presentation of TCC.,According to the own regulation established by the Course Committee.,Mandatory presentation; evaluation details delegated to the own regulation.,proven,none,curriculos/2023/fontes/resolucao-75-22-cepe.pdf,b003d94ffe7a5d91b4f352c6531186cbf2e1ce3a3ee2acc5e1267ad572826d1d,https://ibm.inf.ufpr.br/media/Resolucao-75-22-CEPE.pdf,"PDF p. 6, Art. 6º","Whitespace and line-break normalization only; original language, order, numbering and punctuation retained; preserved PDF is authoritative."
W021-2023-RES-TCC-02,TCC,2023,formal act,matrix/workload/eligibility,"CI1131 TRABALHO DE CONCLUSÃO DE CURSO 1 EM INFORMÁTICA BIOMÉDICA - EXTENSIONISTA: PD 0, LB 0, CP 0, OR 0, ES 0, PE 0, TOT 160, EaD 0, EXT 160; pré-requisito: (CI1068 E CI1055 E CI1003 E MN162 E BA040 E CI1056 E CI1001 E CM304 E BQ112 E CI1212 E CI1057 E CI1002 E CM303 E BQ083 E CM310 E CM311 E BC056). OU CI1133 TRABALHO DE CONCLUSÃO DE CURSO 1 EM INFORMÁTICA BIOMÉDICA: PD 0, LB 0, CP 0, OR 0, ES 160, PE 0, TOT 160, EaD 0, EXT 0; pré-requisito: (CI1068 E CI1055 E CI1003 E MN162 E BA040 E CI1056 E CI1001 E CM304 E BQ112 E CI1212 E CI1057 E CI1002 E CM303 E BQ083 E CM310 E CM311 E BC056).",CI1131: TOT 160; EXT 160; all other listed workload cells 0. CI1133: TOT 160; ES 160; all other listed workload cells 0.,Both matrix prerequisite expressions are source-stated in full.,7º período matrix; alternatives marked OU.,not stated,proven,The matrix uses “E” and “OU”; expressions are transcribed literally.,curriculos/2023/fontes/resolucao-75-22-cepe.pdf,b003d94ffe7a5d91b4f352c6531186cbf2e1ce3a3ee2acc5e1267ad572826d1d,https://ibm.inf.ufpr.br/media/Resolucao-75-22-CEPE.pdf,"PDF p. 9, 7º período matrix, CI1131/CI1133 alternatives","Whitespace and line-break normalization only; original language, order, numbering and punctuation retained; preserved PDF is authoritative."
W021-2023-RES-TCC-03,TCC,2023,formal act,matrix/workload/prerequisite,"CI1132 TRABALHO DE CONCLUSÃO DE CURSO 2 EM INFORMÁTICA BIOMÉDICA - EXTENSIONISTA: PD 0, LB 0, CP 0, OR 0, ES 0, PE 0, TOT 160, EaD 0, EXT 160, pré-requisito: CI1131 OU CI1133. OU CI1134 TRABALHO DE CONCLUSÃO DE CURSO 2 EM INFORMÁTICA BIOMÉDICA: PD 0, LB 0, CP 0, OR 0, ES 160, PE 0, TOT 160, EaD 0, EXT 0, pré-requisito: CI1131 OU CI1133.",CI1132: TOT 160; EXT 160; all other listed workload cells 0. CI1134: TOT 160; ES 160; all other listed workload cells 0.,CI1131 OU CI1133.,8º período matrix; alternatives marked OU.,not stated,proven,The matrix uses “OU”; expressions are transcribed literally.,curriculos/2023/fontes/resolucao-75-22-cepe.pdf,b003d94ffe7a5d91b4f352c6531186cbf2e1ce3a3ee2acc5e1267ad572826d1d,https://ibm.inf.ufpr.br/media/Resolucao-75-22-CEPE.pdf,"PDF p. 9, 8º período matrix, CI1132/CI1134 alternatives","Whitespace and line-break normalization only; original language, order, numbering and punctuation retained; preserved PDF is authoritative."
W021-2023-PPC-TCC-01,TCC,2023,PPC,evaluation,"Exceto na avaliação de disciplinas de Estágio Obrigatório e Trabalho de Conclusão de Curso - TCC, o aluno será aprovado por média quando alcançar, no total do período letivo, frequência mínima de 75% da carga horária inerente à disciplina e obtiver, no mínimo, grau numérico 70 de média aritmética no conjunto de avaliações formais. O aluno que não obtiver a média prevista deverá prestar exame final, desde que alcance a frequência mínima exigida e média não inferior a 40. No exame final será aprovado na disciplina aquele que obtiver grau numérico igual ou superior a 50 na média aritmética entre o grau do exame final e a média do conjunto das avaliações realizadas. Nas disciplinas de Estágio Obrigatório e TCC, a avaliação obedecerá às seguintes condições de aprovação: • Estágio - alcançar o mínimo de frequência igual a 75% ou mais conforme determina o Regulamento de Estágio do curso, e obter, no mínimo, grau numérico 50 de média aritmética, na escala de zero a cem no conjunto das atividades definidas no Plano de Ensino da disciplina; • TCC - desenvolver as atividades exigidas no Plano de Ensino das disciplinas e obter, no mínimo, grau numérico 50 de média aritmética, na escala de zero a cem, no conjunto das tarefas realizadas; • Não é permitido exame final nas disciplinas de Estágio Obrigatório e TCC.",TCC: no numeric workload stated in this provision; minimum grade 50/100.,TCC activities required by the Plans of Study.,Develop activities required by the Plans of Study; no final examination.,TCC minimum grade 50/100 across tasks; final exam not permitted.,proven,The preceding general rule is retained because the TCC exception is stated within the same source passage.,curriculos/2023/fontes/ppc-2023.pdf,548f86328dd3a6940fda5535374882170d083eedb729bba601638bb7f26e4de6,https://ibm.inf.ufpr.br/media/PPC-2-1.pdf,"PDF p. 7, “SISTEMA DE AVALIAÇÃO DO PROCESSO DE ENSINO E APRENDIZAGEM”","Whitespace and line-break normalization only; original language, order, numbering and punctuation retained; preserved PDF is authoritative."
W021-2023-PPC-TCC-02,TCC,2023,PPC,evaluation/process,"Nas disciplinas cujo Plano de Ensino preveja que a sua avaliação resulte exclusivamente da produção de projeto(s) pelo(s) aluno(s), serão condições de avaliação: 1. Desenvolver as atividades exigidas e definidas no Plano de Ensino da disciplina. 2. Alcançar o limite mínimo de frequência previsto no Plano de Ensino da disciplina, desde que acima de 75%. 3. Obter, no mínimo, grau numérico 50 de média aritmética, na escala de zero a cem, na avaliação do Projeto, incluída a defesa pública, quando exigida. 4. Não caberá, nestas disciplinas, exame final.",No numeric workload stated.,Minimum attendance above 75% when the Plan of Study provides exclusive project assessment.,Develop Plan of Study activities; project evaluation; public defense when required.,Minimum grade 50/100 on project; no final exam.,proven,This provision is general to project-only disciplines; the source does not expressly identify which TCC discipline uses it.,curriculos/2023/fontes/ppc-2023.pdf,548f86328dd3a6940fda5535374882170d083eedb729bba601638bb7f26e4de6,https://ibm.inf.ufpr.br/media/PPC-2-1.pdf,"PDF pp. 7-8, “SISTEMA DE AVALIAÇÃO DO PROCESSO DE ENSINO E APRENDIZAGEM”, project-only evaluation conditions","Whitespace and line-break normalization only; original language, order, numbering and punctuation retained; preserved PDF is authoritative."
W021-2023-PPC-TCC-03,TCC,2023,PPC,purpose/workload/process,"O Trabalho de Conclusão de Curso - TCC tem por finalidade oportunizar ao aluno do Curso de Bacharelado em Informática Biomédica a integração e sistematização de conteúdos e experiências desenvolvidos e apropriados ao longo da periodização curricular, a partir de fundamentação teórica e metodológica orientada pelos docentes do curso. O Trabalho de Conclusão de Curso poderá ser um trabalho extensionista caso o aluno não tenha completado a carga horária extensionista. A carga horária será de 320 horas, divididas em duas disciplinas de 160 horas cada, e a oferta está prevista para o 7º e 8º períodos. O curso ofertará 4 disciplinas de Trabalho de Conclusão de Curso, duas extensionistas e duas padrão: • CI1131 - Trabalho de Conclusão de Curso 1 em Informática Biomédica - extensionista • CI1132 - Trabalho de Conclusão de Curso 2 em Informática Biomédica - extensionista • CI1133 - Trabalho de Conclusão de Curso 1 em Informática Biomédica • CI1134 - Trabalho de Conclusão de Curso 2 em Informática Biomédica A proposição de TCCs com caráter extensionista (1131 e 1132) aproxima os alunos das problemáticas sociais no momento em que estes se preparam para ingressar no mundo profissional. As disciplinas de TCCs não extensionistas (CI1133 e CI1134) atendem alunos que eventualmente tenham integralizado sua carga horária de extensão através de outras modalidades, vide Resolução 86/2020-CEPE/UFPR. O regulamento dos Trabalhos de Conclusão de Curso encontra-se no Anexo 4 deste PPC.",320 horas; two 160-hour disciplines; offer planned for 7º and 8º periods.,Extensionist TCC may be used when the student has not completed extension workload; non-extensionist TCCs serve students who have completed extension workload through other modalities.,Four TCC disciplines: CI1131/CI1132 extensionist; CI1133/CI1134 standard.,not stated,proven,This PPC passage states the extension relationship but is retained as a TCC provision; no general extension rules are extracted here.,curriculos/2023/fontes/ppc-2023.pdf,548f86328dd3a6940fda5535374882170d083eedb729bba601638bb7f26e4de6,https://ibm.inf.ufpr.br/media/PPC-2-1.pdf,"PDF p. 9, “TRABALHO DE CONCLUSÃO”","Whitespace and line-break normalization only; original language, order, numbering and punctuation retained; preserved PDF is authoritative."
W021-2023-PPC-TCC-ANNEX-01,TCC,2023,PPC / Annex IV,regulation,"Art.1º O Trabalho de Conclusão de Curso (TCC) é um trabalho de caráter acadêmico e/ou técnico desenvolvido pelo aluno ou aluna formandos e apresentado sob a forma de monografia. § 1º: O TCC poderá ser desenvolvido individualmente ou em equipe de até dois componentes. § 2º: Cada TCC deverá ter um professor orientador, podendo também apresentar coorientadores. § 3º: O TCC deverá ser o resultado de desenvolvimento, pela equipe, das etapas de uma pesquisa sobre assunto de interesse para sua futura atividade profissional. § 4º: O resultado do trabalho citado no parágrafo acima será a monografia (sobre o objeto de estudo) e poderá incluir um produto acadêmico ou técnico como software, material educativo ou outro produto de natureza permanente.",not stated,not stated,not stated,not stated,proven,none,curriculos/2023/fontes/ppc-2023.pdf,548f86328dd3a6940fda5535374882170d083eedb729bba601638bb7f26e4de6,https://ibm.inf.ufpr.br/media/PPC-2-1.pdf,"PDF pp. 24-26, Anexo IV, Art.1º","Whitespace and line-break normalization only; original language, order, numbering and punctuation retained; preserved PDF is authoritative."
W021-2023-PPC-TCC-ANNEX-02,TCC,2023,PPC / Annex IV,regulation,"Art.2º O Trabalho de Conclusão de Curso (TCC) do curso de Informática Biomédica desdobrar-se-á administrativamente em duas disciplinas de 160 horas cada, nas versões extensionista ou padrão: I - CI1131: Trabalho Conclusão de Curso 1 em Informática Biomédica - extensionista II - CI1132: Trabalho Conclusão de Curso 2 em Informática Biomédica - extensionista III - CI1133: Trabalho Conclusão de Curso 1 em Informática Biomédica IV - CI1134: Trabalho Conclusão de Curso 2 em Informática Biomédica § 1º: As disciplinas de TCC extensionistas (itens I e II do caput) possuem carga horária de extensão, enquanto as disciplinas de TCC padrão (itens III e IV do caput) não possuem carga horária de extensão. § 2º: alunos podem se matricular em TCC 1 padrão e TCC 2 padrão caso tenham integralizado totalmente sua carga horária de curricularização de extensão por outros meios. § 3º: alunos podem se matricular em TCC 1 extensionista e TCC 2 padrão, ou vice versa, caso integralizem parcialmente sua carga horária de curricularização de extensão por outros meios.",160 hours per TCC discipline,not stated,not stated,not stated,proven,none,curriculos/2023/fontes/ppc-2023.pdf,548f86328dd3a6940fda5535374882170d083eedb729bba601638bb7f26e4de6,https://ibm.inf.ufpr.br/media/PPC-2-1.pdf,"PDF pp. 24-26, Anexo IV, Art.2º","Whitespace and line-break normalization only; original language, order, numbering and punctuation retained; preserved PDF is authoritative."
W021-2023-PPC-TCC-ANNEX-03,TCC,2023,PPC / Annex IV,regulation,"Art. 3º Toda matrícula em TCC extensionista deve estar vinculada a um projeto de extensão, respeitando a regulamentação de curricularização da extensão definida pela UFPR e pelo PPC do curso. § 1º: cabe ao orientador definir e informar à Coordenação do curso o projeto ou programa de extensão a que cada matrícula em TCC deve ser vinculada. § 2º: a atividade de TCC extensionista de cada aluno será desenvolvida no contexto do projeto/programa de extensão informado pelo orientador, sendo este responsável pela avaliação das atividades realizadas. § 3º: a atividade de TCC extensionista deve definir temáticas que atendam os princípios da extensão e que prevejam interação com outros públicos, para além do orientador. § 4º: ao final de cada disciplina de TCC extensionista, o aluno deve produzir um relatório detalhando as atividades de extensionistas realizadas, que será entregue ao orientador para avaliação.",not stated,not stated,not stated,not stated,proven,none,curriculos/2023/fontes/ppc-2023.pdf,548f86328dd3a6940fda5535374882170d083eedb729bba601638bb7f26e4de6,https://ibm.inf.ufpr.br/media/PPC-2-1.pdf,"PDF pp. 24-26, Anexo IV, Art.3º","Whitespace and line-break normalization only; original language, order, numbering and punctuation retained; preserved PDF is authoritative."
W021-2023-PPC-TCC-ANNEX-04,TCC,2023,PPC / Annex IV,regulation,"Art.4º É responsabilidade de cada aluno a matrícula correta na disciplina de TCC. § 1º: Poderão se matricular no TCC apenas alunos que tenham cumprido ao menos 1500 (mil e quinhentas) horas da carga horária das disciplinas previstas na grade curricular. § 2º: A aprovação do projeto pelo Comitê de Ética em Pesquisa em Seres Humanos (CEP) ou pela Comissão de Ética no Uso de Animais (CEUA), caso necessária, deve ser apresentada no ato da matrícula.",not stated,not stated,not stated,not stated,proven,none,curriculos/2023/fontes/ppc-2023.pdf,548f86328dd3a6940fda5535374882170d083eedb729bba601638bb7f26e4de6,https://ibm.inf.ufpr.br/media/PPC-2-1.pdf,"PDF pp. 24-26, Anexo IV, Art.4º","Whitespace and line-break normalization only; original language, order, numbering and punctuation retained; preserved PDF is authoritative."
W021-2023-PPC-TCC-ANNEX-05,TCC,2023,PPC / Annex IV,regulation,Art.5º A monografia final resultantes dos TCCs deve ser escrita seguindo as normas da UFPR.,not stated,not stated,not stated,not stated,proven,none,curriculos/2023/fontes/ppc-2023.pdf,548f86328dd3a6940fda5535374882170d083eedb729bba601638bb7f26e4de6,https://ibm.inf.ufpr.br/media/PPC-2-1.pdf,"PDF pp. 24-26, Anexo IV, Art.5º","Whitespace and line-break normalization only; original language, order, numbering and punctuation retained; preserved PDF is authoritative."
W021-2023-PPC-TCC-ANNEX-06,TCC,2023,PPC / Annex IV,regulation,"Art.6º A monografia final e demais produtos desenvolvidos pela equipe durante o TCC deverão ser apresentados oralmente pelos autores a uma Banca de Avaliação: Art.7º As Bancas de Avaliação do TCC serão constituídas por três ou mais examinadores com a participação: I- Do professor orientador, como membro nato e presidente da banca sem direito a substituição; II - De dois ou mais examinadores indicados pelo orientador. Parágrafo único: Poderão atuar como examinadores portadores de título de graduação válidos em território brasileiro. Art.8º Compete aos membros das Bancas de Avaliação: I - Avaliar o trabalho realizado pela equipe; II - Solicitar correções ou alterações ao trabalho apresentado; III - Arguir a equipe após a apresentação de seu trabalho; IV - Comentar o projeto e fazer recomendações para o seu aperfeiçoamento; V - Atribuir uma nota ao conjunto do trabalho e apresentação; VI - Assinar a ata com o resultado final da Avaliação; VII - Informar, ao final da arguição o resultado a equipe.",not stated,not stated,not stated,not stated,proven,none,curriculos/2023/fontes/ppc-2023.pdf,548f86328dd3a6940fda5535374882170d083eedb729bba601638bb7f26e4de6,https://ibm.inf.ufpr.br/media/PPC-2-1.pdf,"PDF pp. 24-26, Anexo IV, Art.6º-8º","Whitespace and line-break normalization only; original language, order, numbering and punctuation retained; preserved PDF is authoritative."
W021-2023-PPC-TCC-ANNEX-07,TCC,2023,PPC / Annex IV,regulation,"Art.9º A sessão de apresentação do TCC será obrigatória e pública, podendo ser presencial ou remota. O não comparecimento implica na reprovação do ausente. A sessão será organizada da seguinte maneira I- De vinte a trinta minutos para a equipe expor oralmente o trabalho; II- Após a apresentação oral, arguição pelos membros da Banca.",not stated,not stated,not stated,not stated,proven,none,curriculos/2023/fontes/ppc-2023.pdf,548f86328dd3a6940fda5535374882170d083eedb729bba601638bb7f26e4de6,https://ibm.inf.ufpr.br/media/PPC-2-1.pdf,"PDF pp. 24-26, Anexo IV, Art.9º","Whitespace and line-break normalization only; original language, order, numbering and punctuation retained; preserved PDF is authoritative."
W021-2023-PPC-TCC-ANNEX-08,TCC,2023,PPC / Annex IV,regulation,"Art.10º: Na avaliação do TCC a banca avaliadora levará em consideração os seguintes requisitos e respectiva pontuação. I - Até 20 (vinte) pontos na apresentação oral, sendo os membros da equipe avaliados individualmente. II- Até 60 (sessenta) pontos na monografia. III- Até 20 (vinte) pontos no Desenvolvimento do Trabalho, sendo os membros da equipe avaliados individualmente pelo orientador principal. §1º A Banca de Avaliação do TCC lavrará ata atribuindo nota a cada item avaliado. §2º Os trabalhos que obtiverem notas entre 50 (cinquenta) e 100 (cem) serão considerados aprovados na disciplina de TCC. §3º As notas atribuídas pela banca são definitivas, não cabendo exame final.",not stated,not stated,not stated,not stated,proven,none,curriculos/2023/fontes/ppc-2023.pdf,548f86328dd3a6940fda5535374882170d083eedb729bba601638bb7f26e4de6,https://ibm.inf.ufpr.br/media/PPC-2-1.pdf,"PDF pp. 24-26, Anexo IV, Art.10º","Whitespace and line-break normalization only; original language, order, numbering and punctuation retained; preserved PDF is authoritative."
W021-2023-PPC-TCC-ANNEX-09,TCC,2023,PPC / Annex IV,regulation,Art.11º A Banca de Avaliação do TCC lavrará ata atribuindo nota a cada item do parágrafo anterior. Os trabalhos que obtiverem notas entre 50 (cinquenta) e 100 (cem) serão considerados aprovados na disciplina de TCC. I - As notas atribuídas aos trabalhos serão lançadas pelo próprio orientador. II - O orientador é responsável por enviar a ata e o pdf da monografia para a coordenação do curso através de procedimento definido pelo colegiado e disponível na página web do curso.,not stated,not stated,not stated,not stated,proven,none,curriculos/2023/fontes/ppc-2023.pdf,548f86328dd3a6940fda5535374882170d083eedb729bba601638bb7f26e4de6,https://ibm.inf.ufpr.br/media/PPC-2-1.pdf,"PDF pp. 24-26, Anexo IV, Art.11º","Whitespace and line-break normalization only; original language, order, numbering and punctuation retained; preserved PDF is authoritative."
W021-2023-PPC-TCC-ANNEX-10,TCC,2023,PPC / Annex IV,regulation,Art.12º Os casos omissos neste regulamento serão julgados no Colegiado do Curso de Informática Biomédica.,not stated,not stated,not stated,not stated,proven,none,curriculos/2023/fontes/ppc-2023.pdf,548f86328dd3a6940fda5535374882170d083eedb729bba601638bb7f26e4de6,https://ibm.inf.ufpr.br/media/PPC-2-1.pdf,"PDF pp. 24-26, Anexo IV, Art.12º","Whitespace and line-break normalization only; original language, order, numbering and punctuation retained; preserved PDF is authoritative."
W021-2011-INTERNSHIP-01,Internship,2011,PPC,scope/workload/process,"O curso de Bacharelado em Informática Biomédica prevê estágios como parte integrante das atividades formativas dos alunos. Neste sentido, o estágio não é obrigatório, mas pode ser contabilizado até o limite de 360 horas. A não-obrigatoriedade do estágio justifica-se porque: • Na área de computação há grande demanda de mão-de-obra, de forma que ofertas de estágios são abundantes, e a remuneração consideravelmente elevada, não havendo necessidade de forçá-los a procurar tal atividade; • Alunos que desejarem cursar uma pós-graduação, terão um melhor preparo se efetuarem trabalhos de iniciação científica em locais como o hospital universitário ou laboratórios de pesquisa. Neste caso, não é desejável obrigá-los a fazer ainda um estágio; • Ainda, não existe uma recomendação forte para que o estágio seja obrigatório, quando consideramos como referencial as sugestões do MEC e da Sociedade Brasileira de Computação. Os critérios de aceitação dos estágios não obrigatórios são regulamentados pelo Colegiado de Curso através da sua Comissão de Orientação de Estágios e Atividades Formativas (COEAF).",até 360 horas contabilizáveis,Estágio não obrigatório; critérios de aceitação regulamentados pelo Colegiado através da COEAF.,Aceitação regulamentada pelo Colegiado de Curso através da COEAF.,not stated,proven,none,curriculos/2011/fontes/ppc-2011.pdf,ab0bf7e45575baa9ad8cad429d5f5e2467093a5dd8c2852c7d54cdd0ec1f891d,https://ibm.inf.ufpr.br/media/ppc-bib-1-1.pdf,"PDF p. 26, seção 12.3 “Estágio curricular e TCC”","Whitespace and line-break normalization only; original language, order, numbering and punctuation retained; preserved PDF is authoritative."
W021-2023-PPC-INTERNSHIP-OVERVIEW,Internship,2023,PPC,scope/workload/eligibility,"ESTÁGIO CURRICULAR O estágio curricular está regulamentado em consonância com a definição do perfil do profissional egresso, bem como com os objetivos para a sua formação. O estágio pode ser realizado em duas modalidades: estágio obrigatório e não obrigatório. O objetivo dessas modalidades de estágio é de viabilizar ao aluno o aprimoramento técnico-científico na formação do profissional, mediante a análise e a solução de problemas concretos em condições reais de trabalho, por intermédio de situações relacionadas a natureza e especificidade do curso e da aplicação dos conhecimentos teóricos e práticos adquiridos. O estágio obrigatório tem carga horária de 220 horas, com duração de um semestre. Ele pode ser realizado em qualquer semestre após o aluno ter concluído as disciplinas dos três primeiros períodos do curso, chamadas disciplinas básicas. A disciplina de estágio obrigatório será ofertada no contraturno do curso, i.e., pelo período matutino. O Regulamento do Estágio consta no Anexo 3 deste PPC.","Obrigatório: 220 horas, duração de um semestre; não obrigatório: workload not stated.","Duas modalidades: estágio obrigatório e não obrigatório. Obrigatório após conclusão das disciplinas dos três primeiros períodos, chamadas disciplinas básicas.","Estágio obrigatório ofertado no contraturno, período matutino; regulamento no Anexo 3 do PPC.",not stated,proven,none,curriculos/2023/fontes/ppc-2023.pdf,548f86328dd3a6940fda5535374882170d083eedb729bba601638bb7f26e4de6,https://ibm.inf.ufpr.br/media/PPC-2-1.pdf,"PDF p. 9, seção “ESTÁGIO CURRICULAR”","Whitespace and line-break normalization only; original language, order, numbering and punctuation retained; preserved PDF is authoritative."
W021-2023-RES-INTERNSHIP-01,Internship,2023,formal act,formal completion/workload,Art. 4º Para a integralização curricular o aluno deverá realizar estágio supervisionado com o total de 220 horas.,220 horas,Aluno para integralização curricular.,Realizar estágio supervisionado.,not stated,proven,none,curriculos/2023/fontes/resolucao-75-22-cepe.pdf,b003d94ffe7a5d91b4f352c6531186cbf2e1ce3a3ee2acc5e1267ad572826d1d,https://ibm.inf.ufpr.br/media/Resolucao-75-22-CEPE.pdf,"PDF p. 6, Art. 4º","Whitespace and line-break normalization only; original language, order, numbering and punctuation retained; preserved PDF is authoritative."
W021-2023-RES-INTERNSHIP-02,Internship,2023,formal act,matrix/workload/prerequisite,"CI1101 ESTÁGIO SUPERVISIONADO EM INFORMÁTICA BIOMÉDICA: PD 0, LB 0, CP 0, OR 0, ES 220, PE 0, TOT 220, EaD 0, EXT 0; pré-requisito: (CI1068 E CI1055 E CI1003 E MN162 E BA040 E CI1056 E CI1001 E CM304 E BQ112 E CI1212 E CI1057 E CI1002 E CM303 E BQ083 E CM310 E CM311 E BC056).",ES 220; TOT 220; all other listed workload cells 0,All listed prerequisite components: CI1068 E CI1055 E CI1003 E MN162 E BA040 E CI1056 E CI1001 E CM304 E BQ112 E CI1212 E CI1057 E CI1002 E CM303 E BQ083 E CM310 E CM311 E BC056.,7º período matrix entry.,not stated,proven,none,curriculos/2023/fontes/resolucao-75-22-cepe.pdf,b003d94ffe7a5d91b4f352c6531186cbf2e1ce3a3ee2acc5e1267ad572826d1d,https://ibm.inf.ufpr.br/media/Resolucao-75-22-CEPE.pdf,"PDF p. 7, Anexo I, 7º período, row CI1101","Whitespace and line-break normalization only; original language, order, numbering and punctuation retained; preserved PDF is authoritative."
W021-2023-PPC-INTERNSHIP-ANNEX-01,Internship,2023,PPC / Annex III,nature/modalities,"Art. 1º O Projeto Pedagógico do Curso de Bacharelado em Informática Biomédica da UFPR prevê a realização de estágio nas modalidades de estágio obrigatório e de estágio não obrigatório, em conformidade com as diretrizes curriculares - Lei Nº 11.788/2008, Resolução Nº 70/04-CEPE, Resolução Nº 46/10-CEPE e Instruções Normativas decorrentes e serão desenvolvidos conforme o estabelecido no presente Regulamento.",not stated,not stated,not stated,not stated,proven,none,curriculos/2023/fontes/ppc-2023.pdf,548f86328dd3a6940fda5535374882170d083eedb729bba601638bb7f26e4de6,https://ibm.inf.ufpr.br/media/PPC-2-1.pdf,"PDF pp. 19-19, Anexo III, Art. 1º","Whitespace and line-break normalization only; original language, order, numbering and punctuation retained; preserved PDF is authoritative."
W021-2023-PPC-INTERNSHIP-ANNEX-02,Internship,2023,PPC / Annex III,nature,"Art. 2º O estágio conceituado como elemento curricular de caráter formador e como um ato educativo supervisionado previsto para o Curso de Bacharelado em Informática Biomédica, deve estar em consonância com a definição do perfil do profissional egresso, bem como com os objetivos para a sua formação propostos no Projeto Pedagógico do Curso. Capítulo II - DO OBJETIVO",not stated,not stated,not stated,not stated,proven,none,curriculos/2023/fontes/ppc-2023.pdf,548f86328dd3a6940fda5535374882170d083eedb729bba601638bb7f26e4de6,https://ibm.inf.ufpr.br/media/PPC-2-1.pdf,"PDF pp. 19-19, Anexo III, Art. 2º","Whitespace and line-break normalization only; original language, order, numbering and punctuation retained; preserved PDF is authoritative."
W021-2023-PPC-INTERNSHIP-ANNEX-03,Internship,2023,PPC / Annex III,objective,"Art. 3º O objetivo das duas modalidades de estágio previstas no Art. 1º é de viabilizar ao aluno o aprimoramento técnico-científico na formação de Informata Biomédico, mediante a análise e a solução de problemas concretos em condições reais de trabalho, por intermédio de situações relacionadas a natureza e especificidade do curso e da aplicação dos conhecimentos teóricos e práticos adquiridos nas diversas disciplinas previstas no Projeto Pedagógico do Curso. Capítulo III - DOS CAMPOS DE ESTÁGIO",not stated,not stated,not stated,not stated,proven,none,curriculos/2023/fontes/ppc-2023.pdf,548f86328dd3a6940fda5535374882170d083eedb729bba601638bb7f26e4de6,https://ibm.inf.ufpr.br/media/PPC-2-1.pdf,"PDF pp. 20-20, Anexo III, Art. 3º","Whitespace and line-break normalization only; original language, order, numbering and punctuation retained; preserved PDF is authoritative."
W021-2023-PPC-INTERNSHIP-ANNEX-04,Internship,2023,PPC / Annex III,fields,"Art. 4º Constituem campos de estágio as entidades de direito público e privado, instituições de ensino, profissionais liberais, a comunidade em geral e as unidades internas da UFPR que apresentem as condições estabelecidas nos Artigos 4º e 5º da Resolução Nº 46/10-CEPE, denominados a seguir como Concedentes de Estágio.",not stated,not stated,not stated,not stated,proven,none,curriculos/2023/fontes/ppc-2023.pdf,548f86328dd3a6940fda5535374882170d083eedb729bba601638bb7f26e4de6,https://ibm.inf.ufpr.br/media/PPC-2-1.pdf,"PDF pp. 20-20, Anexo III, Art. 4º","Whitespace and line-break normalization only; original language, order, numbering and punctuation retained; preserved PDF is authoritative."
W021-2023-PPC-INTERNSHIP-ANNEX-05,Internship,2023,PPC / Annex III,fields,"Art. 5º As Concedentes de Estágio, bem como os agentes de integração conveniados com a UFPR ao ofertar vagas de estágio, devem respeitar as normas institucionais e as previstas no presente Regulamento. Capítulo IV - DA COMISSÃO ORIENTADORA DE ESTÁGIO - COE",not stated,not stated,not stated,not stated,proven,none,curriculos/2023/fontes/ppc-2023.pdf,548f86328dd3a6940fda5535374882170d083eedb729bba601638bb7f26e4de6,https://ibm.inf.ufpr.br/media/PPC-2-1.pdf,"PDF pp. 20-20, Anexo III, Art. 5º","Whitespace and line-break normalization only; original language, order, numbering and punctuation retained; preserved PDF is authoritative."
W021-2023-PPC-INTERNSHIP-ANNEX-06,Internship,2023,PPC / Annex III,commission/approval/process,"Art. 6º A COE do Curso de Bacharelado em Informática Biomédica será composta pelo Coordenador do Curso e/ou o Vice Coordenador e dois ou mais professores indicados pelo Departamento de Informática, com a seguinte competência: I - Controlar e avaliar os estágios não obrigatórios realizados, mantendo o fluxo de informações relativas ao acompanhamento e desenvolvimento dos estágios em processo, bem como assegurar a socialização de informações junto à Coordenação do Curso; II - Analisar a documentação e a solicitação do estágio frente à natureza do Curso de Bacharelado em Informática Biomédica e às normas emanadas do presente Regulamento; III - Compatibilizar as ações previstas no plano de atividades do estágio, quando necessário; IV - Convocar reuniões com os professores orientadores e alunos estagiários sempre que se fizer necessário, visando a qualidade do acompanhamento e soluções de problemas ou conflitos. Capítulo V - DA ORIENTAÇÃO E SUPERVISÃO",not stated,not stated,COE controls/evaluates nonmandatory internships and analyzes documentation/requests.,not stated,proven,none,curriculos/2023/fontes/ppc-2023.pdf,548f86328dd3a6940fda5535374882170d083eedb729bba601638bb7f26e4de6,https://ibm.inf.ufpr.br/media/PPC-2-1.pdf,"PDF pp. 20-20, Anexo III, Art. 6º","Whitespace and line-break normalization only; original language, order, numbering and punctuation retained; preserved PDF is authoritative."
W021-2023-PPC-INTERNSHIP-ANNEX-07,Internship,2023,PPC / Annex III,supervision,"Art. 7º Em conformidade com a Resolução nº 46/10-CEPE, todos os estágios devem ser orientados por um professor vinculado ao Curso de Bacharelado em Informática Biomédica, e por profissional da área ou de área afim da Concedente do Estágio, seja na modalidade de obrigatório ou não obrigatório.",not stated,not stated,not stated,not stated,proven,none,curriculos/2023/fontes/ppc-2023.pdf,548f86328dd3a6940fda5535374882170d083eedb729bba601638bb7f26e4de6,https://ibm.inf.ufpr.br/media/PPC-2-1.pdf,"PDF pp. 20-20, Anexo III, Art. 7º","Whitespace and line-break normalization only; original language, order, numbering and punctuation retained; preserved PDF is authoritative."
W021-2023-PPC-INTERNSHIP-ANNEX-08,Internship,2023,PPC / Annex III,orientation,"Art. 8º A orientação de estágio deve ser entendida como assessoria dada ao aluno no decorrer de sua prática profissional por docente da UFPR, de forma a proporcionar o pleno desempenho de ações, princípios e valores inerentes à realidade da profissão.",not stated,not stated,not stated,not stated,proven,none,curriculos/2023/fontes/ppc-2023.pdf,548f86328dd3a6940fda5535374882170d083eedb729bba601638bb7f26e4de6,https://ibm.inf.ufpr.br/media/PPC-2-1.pdf,"PDF pp. 20-20, Anexo III, Art. 8º","Whitespace and line-break normalization only; original language, order, numbering and punctuation retained; preserved PDF is authoritative."
W021-2023-PPC-INTERNSHIP-ANNEX-09,Internship,2023,PPC / Annex III,orientation process,"Art. 9º A orientação do estágio em conformidade com a normatização interna será na modalidade indireta, ou seja, por meio de relatórios, reuniões, visitas ocasionais à Concedente do Estágio onde se realizarão contatos e reuniões com o profissional supervisor.",not stated,not stated,not stated,not stated,proven,none,curriculos/2023/fontes/ppc-2023.pdf,548f86328dd3a6940fda5535374882170d083eedb729bba601638bb7f26e4de6,https://ibm.inf.ufpr.br/media/PPC-2-1.pdf,"PDF pp. 20-20, Anexo III, Art. 9º","Whitespace and line-break normalization only; original language, order, numbering and punctuation retained; preserved PDF is authoritative."
W021-2023-PPC-INTERNSHIP-ANNEX-10,Internship,2023,PPC / Annex III,supervision,"Art. 10º A supervisão do estágio será de responsabilidade do profissional da área, na Concedente do Estágio que deverá acompanhar o estagiário no desenvolvimento do seu plano de atividades.",not stated,not stated,not stated,not stated,proven,none,curriculos/2023/fontes/ppc-2023.pdf,548f86328dd3a6940fda5535374882170d083eedb729bba601638bb7f26e4de6,https://ibm.inf.ufpr.br/media/PPC-2-1.pdf,"PDF pp. 21-21, Anexo III, Art. 10º","Whitespace and line-break normalization only; original language, order, numbering and punctuation retained; preserved PDF is authoritative."
W021-2023-PPC-INTERNSHIP-ANNEX-11,Internship,2023,PPC / Annex III,orientator duties,"Art. 11º São atribuições do Professor Orientador: a) Verificar e assinar o plano de atividades de estágio elaborado pelo aluno e supervisor da Concedente; b) Realizar o acompanhamento do estágio mediante encontros com o aluno, visando a verificação das atividades desempenhadas por seu orientado e assessoria nos casos de dúvida; c) Estabelecer um canal de comunicação sistemática, via correio eletrônico ou outra forma acordada com o estagiário e seu supervisor da Concedente; d) Solicitar o relatório de atividades no máximo a cada seis (6) meses elaborado pelo aluno e aprovado pelo supervisor da Concedente.",not stated,not stated,not stated,not stated,proven,none,curriculos/2023/fontes/ppc-2023.pdf,548f86328dd3a6940fda5535374882170d083eedb729bba601638bb7f26e4de6,https://ibm.inf.ufpr.br/media/PPC-2-1.pdf,"PDF pp. 21-21, Anexo III, Art. 11º","Whitespace and line-break normalization only; original language, order, numbering and punctuation retained; preserved PDF is authoritative."
W021-2023-PPC-INTERNSHIP-ANNEX-12,Internship,2023,PPC / Annex III,supervisor duties,"Art. 12º São atribuições do Supervisor da Concedente: a) Elaborar e assinar o plano de atividades em conjunto com o estagiário; b) Acompanhar o desenvolvimento das atividades previstas; c) Verificar a frequência e assiduidade do estagiário; d) Proceder à avaliação do desempenho do estagiário, conforme modelo padronizado pela UFPR.",not stated,not stated,not stated,not stated,proven,none,curriculos/2023/fontes/ppc-2023.pdf,548f86328dd3a6940fda5535374882170d083eedb729bba601638bb7f26e4de6,https://ibm.inf.ufpr.br/media/PPC-2-1.pdf,"PDF pp. 21-21, Anexo III, Art. 12º","Whitespace and line-break normalization only; original language, order, numbering and punctuation retained; preserved PDF is authoritative."
W021-2023-PPC-INTERNSHIP-ANNEX-13,Internship,2023,PPC / Annex III,student duties,Art. 13º São atribuições do Aluno Estagiário: a) Localizar e contatar empresas e outras instituições que ofereçam vagas de estágio; b) Elaborar e assinar o plano de atividades em conjunto com o supervisor da Concedente; c) Coletar as assinaturas devidas no termo de compromisso de estágio; d) Frequentar os encontros periódicos estabelecidos pelo Professor Orientador para acompanhamento das atividades; e) Respeitar as normas internas da Concedente do Estágio e desempenhar suas atividades dentro da ética profissional; f) Respeitar as normas de estágio do Curso de Bacharelado em Informática Biomédica; g) Elaborar relatório de estágio no máximo a cada seis meses ou quando solicitado pelo professor orientador ou supervisor da Concedente. Capítulo VI - DO ESTÁGIO OBRIGATÓRIO,not stated,not stated,not stated,not stated,proven,none,curriculos/2023/fontes/ppc-2023.pdf,548f86328dd3a6940fda5535374882170d083eedb729bba601638bb7f26e4de6,https://ibm.inf.ufpr.br/media/PPC-2-1.pdf,"PDF pp. 21-21, Anexo III, Art. 13º","Whitespace and line-break normalization only; original language, order, numbering and punctuation retained; preserved PDF is authoritative."
W021-2023-PPC-INTERNSHIP-ANNEX-14,Internship,2023,PPC / Annex III,mandatory workload,"Art. 14º O aluno do Curso de Bacharelado em Informática Biomédica deverá realizar estágio obrigatório com carga horária de duzentas e vinte horas (220 horas), mediante matrícula na disciplina de Estágio Supervisionado em Informática Biomédica (CI1101) , para fins de integralização curricular.",220 horas,not stated,not stated,not stated,proven,none,curriculos/2023/fontes/ppc-2023.pdf,548f86328dd3a6940fda5535374882170d083eedb729bba601638bb7f26e4de6,https://ibm.inf.ufpr.br/media/PPC-2-1.pdf,"PDF pp. 21-21, Anexo III, Art. 14º","Whitespace and line-break normalization only; original language, order, numbering and punctuation retained; preserved PDF is authoritative."
W021-2023-PPC-INTERNSHIP-ANNEX-15,Internship,2023,PPC / Annex III,eligibility/schedule,Art. 15º A disciplina de Estágio Supervisionado em Informática Biomédica (CI1101) deverá ser realizada após a conclusão das disciplinas básicas da grade curricular conforme consta no Projeto Pedagógico do Curso. § Único - A disciplina de Estágio Supervisionado será realizada no período matutino.,not stated,Após conclusão das disciplinas básicas da grade curricular.,not stated,not stated,proven,none,curriculos/2023/fontes/ppc-2023.pdf,548f86328dd3a6940fda5535374882170d083eedb729bba601638bb7f26e4de6,https://ibm.inf.ufpr.br/media/PPC-2-1.pdf,"PDF pp. 21-21, Anexo III, Art. 15º","Whitespace and line-break normalization only; original language, order, numbering and punctuation retained; preserved PDF is authoritative."
W021-2023-PPC-INTERNSHIP-ANNEX-16,Internship,2023,PPC / Annex III,documentation,"Art. 16º Para a realização do estágio obrigatório deverá ser providenciada a documentação exigida pela legislação vigente, ou seja, termo de compromisso e plano de atividades, devidamente assinados pelas partes envolvidas.",not stated,not stated,Provide term of commitment and activity plan signed by involved parties.,not stated,proven,none,curriculos/2023/fontes/ppc-2023.pdf,548f86328dd3a6940fda5535374882170d083eedb729bba601638bb7f26e4de6,https://ibm.inf.ufpr.br/media/PPC-2-1.pdf,"PDF pp. 21-22, Anexo III, Art. 16º","Whitespace and line-break normalization only; original language, order, numbering and punctuation retained; preserved PDF is authoritative."
W021-2023-PPC-INTERNSHIP-ANNEX-17,Internship,2023,PPC / Annex III,supervision,Art. 17º O acompanhamento dos estágios obrigatórios é de responsabilidade do professor orientador responsável pela turma da disciplina de Estágio Supervisionado na qual o aluno esteja matriculado.,not stated,not stated,not stated,not stated,proven,none,curriculos/2023/fontes/ppc-2023.pdf,548f86328dd3a6940fda5535374882170d083eedb729bba601638bb7f26e4de6,https://ibm.inf.ufpr.br/media/PPC-2-1.pdf,"PDF pp. 22-23, Anexo III, Art. 17º","Whitespace and line-break normalization only; original language, order, numbering and punctuation retained; preserved PDF is authoritative."
W021-2023-PPC-INTERNSHIP-ANNEX-18,Internship,2023,PPC / Annex III,documentation/evaluation,"Art. 18º No decorrer do estágio o aluno deverá apresentar relatórios parciais para fins de acompanhamento, conforme solicitação do professor orientador, e ao término do estágio o relatório final devidamente aprovado pelo seu supervisor da Concedente do Estágio.",not stated,not stated,not stated,Partial reports as requested; final report approved by the Concedente supervisor.,proven,none,curriculos/2023/fontes/ppc-2023.pdf,548f86328dd3a6940fda5535374882170d083eedb729bba601638bb7f26e4de6,https://ibm.inf.ufpr.br/media/PPC-2-1.pdf,"PDF pp. 22-22, Anexo III, Art. 18º","Whitespace and line-break normalization only; original language, order, numbering and punctuation retained; preserved PDF is authoritative."
W021-2023-PPC-INTERNSHIP-ANNEX-19,Internship,2023,PPC / Annex III,attendance validation,"Art. 19º Para fins de validação de frequência na disciplina, o aluno deverá comprovar a realização de no mínimo 75% da carga horária prevista no projeto pedagógico do curso. Capítulo VII - DO ESTÁGIO NÃO OBRIGATÓRIO",not stated,not stated,not stated,Minimum 75% of workload in PPC.,proven,none,curriculos/2023/fontes/ppc-2023.pdf,548f86328dd3a6940fda5535374882170d083eedb729bba601638bb7f26e4de6,https://ibm.inf.ufpr.br/media/PPC-2-1.pdf,"PDF pp. 22-22, Anexo III, Art. 19º","Whitespace and line-break normalization only; original language, order, numbering and punctuation retained; preserved PDF is authoritative."
W021-2023-PPC-INTERNSHIP-ANNEX-20,Internship,2023,PPC / Annex III,nonmandatory recognition,"Art. 20º A modalidade de estágio não obrigatório realizada por alunos do Curso de Informática Biomédica poderá ser reconhecida como atividade formativa complementar, conforme previsto no Projeto Pedagógico do Curso.",not stated,not stated,not stated,not stated,proven,none,curriculos/2023/fontes/ppc-2023.pdf,548f86328dd3a6940fda5535374882170d083eedb729bba601638bb7f26e4de6,https://ibm.inf.ufpr.br/media/PPC-2-1.pdf,"PDF pp. 22-22, Anexo III, Art. 20º","Whitespace and line-break normalization only; original language, order, numbering and punctuation retained; preserved PDF is authoritative."
W021-2023-PPC-INTERNSHIP-ANNEX-21,Internship,2023,PPC / Annex III,nonmandatory eligibility/authorization,"Art. 21º Para solicitar autorização, renovação ou prorrogação de estágio não obrigatório pela Comissão de Orientação de Estágio e pela Coordenação do Curso de Bacharelado em Informática Biomédica o aluno deverá atender aos seguintes requisitos: I - Estar matriculado com a carga mínima exigida no semestre; II - Ter sido aprovado em todas as disciplinas dos três primeiros semestres acadêmicos da periodização recomendada do curso; III - Não ter nenhuma reprovação ou ter ao menos três aprovações no período acadêmico anterior à solicitação.",not stated,Matriculado com a carga mínima do semestre; aprovado nos três primeiros semestres; no máximo uma reprovação or at least three approvals in previous period.,not stated,not stated,proven,none,curriculos/2023/fontes/ppc-2023.pdf,548f86328dd3a6940fda5535374882170d083eedb729bba601638bb7f26e4de6,https://ibm.inf.ufpr.br/media/PPC-2-1.pdf,"PDF pp. 22-22, Anexo III, Art. 21º","Whitespace and line-break normalization only; original language, order, numbering and punctuation retained; preserved PDF is authoritative."
W021-2023-PPC-INTERNSHIP-ANNEX-22,Internship,2023,PPC / Annex III,nonmandatory eligibility,Art. 22º Não serão autorizados estágios para alunos que tenham integralizado o currículo.,not stated,not stated,not stated,not stated,proven,none,curriculos/2023/fontes/ppc-2023.pdf,548f86328dd3a6940fda5535374882170d083eedb729bba601638bb7f26e4de6,https://ibm.inf.ufpr.br/media/PPC-2-1.pdf,"PDF pp. 22-22, Anexo III, Art. 22º","Whitespace and line-break normalization only; original language, order, numbering and punctuation retained; preserved PDF is authoritative."
W021-2023-PPC-INTERNSHIP-ANNEX-23,Internship,2023,PPC / Annex III,nonmandatory formalization/process,"Art. 23º Para a formalização do estágio não obrigatório a Concedente deverá ter ciência e aceitar as normas institucionais da UFPR para este fim, bem como proceder a lavratura do respectivo Termo de Compromisso de Estágio. Parágrafo Único - Os procedimentos e documentação para a formalização do estágio não obrigatório para os alunos do Curso de Bacharelado em Informática Biomédica deverão seguir a ordem abaixo referida: a) Apresentação do Termo de Compromisso de Estágio e do Plano de Atividades de Estágio devidamente preenchidos e assinados pelos responsáveis na Concedente do Estágio, histórico escolar atualizado e indicação e assinatura do professor orientador no Plano de Atividades de Estágio. b) Entrega da documentação na Secretaria da Coordenação do Curso de Bacharelado em Informática Biomédica para análise da COE e posterior aprovação da Coordenação do Curso. c) Após aprovação, a documentação deverá ser encaminhada à Coordenação de Atividades Formativas e Estágios (COAFE) da PROGRAD para homologação e cadastramento.",not stated,not stated,"Submit signed term/activity plan, updated transcript, and orientator indication; Secretariat/COE analysis and Coordination approval; COAFE/PROGRAD homologation and registration.",not stated,proven,none,curriculos/2023/fontes/ppc-2023.pdf,548f86328dd3a6940fda5535374882170d083eedb729bba601638bb7f26e4de6,https://ibm.inf.ufpr.br/media/PPC-2-1.pdf,"PDF pp. 22-22, Anexo III, Art. 23º","Whitespace and line-break normalization only; original language, order, numbering and punctuation retained; preserved PDF is authoritative."
W021-2023-PPC-INTERNSHIP-ANNEX-24,Internship,2023,PPC / Annex III,nonmandatory duration,"Art. 24º A duração do estágio não obrigatório deverá ser de no mínimo um semestre letivo e no máximo dois anos, conforme legislação em vigor.",minimum one academic semester; maximum two years,not stated,not stated,not stated,proven,none,curriculos/2023/fontes/ppc-2023.pdf,548f86328dd3a6940fda5535374882170d083eedb729bba601638bb7f26e4de6,https://ibm.inf.ufpr.br/media/PPC-2-1.pdf,"PDF pp. 22-23, Anexo III, Art. 24º","Whitespace and line-break normalization only; original language, order, numbering and punctuation retained; preserved PDF is authoritative."
W021-2023-PPC-INTERNSHIP-ANNEX-25,Internship,2023,PPC / Annex III,nonmandatory supervision,Art. 25º O acompanhamento do estágio não obrigatório pelo professor da UFPR deverá seguir o contido no Capítulo V do presente Regulamento.,not stated,not stated,not stated,not stated,proven,none,curriculos/2023/fontes/ppc-2023.pdf,548f86328dd3a6940fda5535374882170d083eedb729bba601638bb7f26e4de6,https://ibm.inf.ufpr.br/media/PPC-2-1.pdf,"PDF pp. 23-23, Anexo III, Art. 25º","Whitespace and line-break normalization only; original language, order, numbering and punctuation retained; preserved PDF is authoritative."
W021-2023-PPC-INTERNSHIP-ANNEX-26,Internship,2023,PPC / Annex III,nonmandatory documentation/evaluation,"Art. 26º Após o término do estágio não obrigatório, o aluno poderá solicitar o respectivo certificado à Coordenação de Atividades Formativas e Estágios da PROGRAD, mediante apresentação de relatório e da ficha de avaliação aprovada pela COE do Curso. Capítulo VIII - DAS VALIDAÇÕES",not stated,not stated,not stated,Certificate after report and evaluation form approved by COE.,proven,none,curriculos/2023/fontes/ppc-2023.pdf,548f86328dd3a6940fda5535374882170d083eedb729bba601638bb7f26e4de6,https://ibm.inf.ufpr.br/media/PPC-2-1.pdf,"PDF pp. 23-23, Anexo III, Art. 26º","Whitespace and line-break normalization only; original language, order, numbering and punctuation retained; preserved PDF is authoritative."
W021-2023-PPC-INTERNSHIP-ANNEX-27,Internship,2023,PPC / Annex III,validation,"Art. 27º Atividades de Iniciação Científica (IC) podem ser validadas como estágio obrigatório se atendidas as seguintes condições: a) A atividade de IC deve ter sido aprovada em um edital de iniciação científica da PRPPG/UFPR ou de outra agência oficial de fomento, no Programa de Voluntariado Acadêmico (PVA) da UFPR, ou comprovada por declaração emitida pelo respectivo orientador; b) A atividade de IC deve ter um número total de horas igual ou maior que a exigida para o estágio obrigatório; c) O estágio obrigatório deve ser realizado durante a vigência da atividade de IC, não sendo permitida a validação retroativa; d) O aluno deve fornecer um relatório das atividades desenvolvidas durante a IC, assinado por seu orientador; e) A atividade de IC validada como estágio obrigatório não pode ser validada como atividade formativa e vice-versa.",not stated,not stated,not stated,not stated,proven,none,curriculos/2023/fontes/ppc-2023.pdf,548f86328dd3a6940fda5535374882170d083eedb729bba601638bb7f26e4de6,https://ibm.inf.ufpr.br/media/PPC-2-1.pdf,"PDF pp. 23-23, Anexo III, Art. 27º","Whitespace and line-break normalization only; original language, order, numbering and punctuation retained; preserved PDF is authoritative."
W021-2023-PPC-INTERNSHIP-ANNEX-28,Internship,2023,PPC / Annex III,validation/substitution,"Art. 28º Estudantes que sejam funcionários ou sócios/proprietários de empresas podem substituir as horas correspondentes ao estágio obrigatório por horas trabalhadas na empresa, se atendidas as seguintes condições: a) As atividades desenvolvidas no período devem estar relacionadas à área de formação do curso; b) A solicitação deve ser feita antes do início das atividades a serem validadas; c) O estudante deverá estar matriculado concomitantemente na disciplina de estágio obrigatório, tendo um professor orientador. § 1º - A solicitação de validação deve ser feita através de Declaração de Estudante-Funcionário, em formulário disponibilizado pela Coordenação de Atividades Formativas e Estágio COAFE/PROGRAD/UFPR; § 2º - Na metade e no final do período de realização das atividades, o estudante deverá fornecer ao professor orientador um relatório parcial e um relatório final das atividades desenvolvidas, para subsidiar o lançamento da nota. Capítulo IX - DAS DISPOSIÇÕES GERAIS",not stated,not stated,not stated,not stated,proven,none,curriculos/2023/fontes/ppc-2023.pdf,548f86328dd3a6940fda5535374882170d083eedb729bba601638bb7f26e4de6,https://ibm.inf.ufpr.br/media/PPC-2-1.pdf,"PDF pp. 23-23, Anexo III, Art. 28º","Whitespace and line-break normalization only; original language, order, numbering and punctuation retained; preserved PDF is authoritative."
W021-2023-PPC-INTERNSHIP-ANNEX-29,Internship,2023,PPC / Annex III,general documentation,"Art. 29º Os estágios realizados pelos alunos do Curso de Informática Biomédica, seja obrigatório ou não obrigatório, deverão seguir os procedimentos estabelecidos na normatização interna da UFPR e estar devidamente cadastrados na Coordenação de Atividades Formativas e Estágio da PROGRAD. § 1 - Caso seja utilizada a documentação padrão da UFPR, deverá seguir o modelo disponível no site de estágios da UFPR; § 2 - Poderão ser utilizados os serviços de agentes de integração para a regulamentação dos estágios, desde que devidamente conveniados com a UFPR; § 3 - Os convênios firmados para regulamentação de estágios, quando necessários, somente poderão ser assinados pela PROGRAD.",not stated,not stated,not stated,not stated,proven,none,curriculos/2023/fontes/ppc-2023.pdf,548f86328dd3a6940fda5535374882170d083eedb729bba601638bb7f26e4de6,https://ibm.inf.ufpr.br/media/PPC-2-1.pdf,"PDF pp. 23-24, Anexo III, Art. 29º","Whitespace and line-break normalization only; original language, order, numbering and punctuation retained; preserved PDF is authoritative."
W021-2023-PPC-INTERNSHIP-ANNEX-30,Internship,2023,PPC / Annex III,interruption,"Art. 30º Caso seja constatado prejuízo ao desempenho acadêmico do aluno, a COE ou a Coordenação do Curso poderá solicitar à unidade cedente a interrupção do estágio a qualquer momento.",not stated,not stated,not stated,not stated,proven,none,curriculos/2023/fontes/ppc-2023.pdf,548f86328dd3a6940fda5535374882170d083eedb729bba601638bb7f26e4de6,https://ibm.inf.ufpr.br/media/PPC-2-1.pdf,"PDF pp. 24-24, Anexo III, Art. 30º","Whitespace and line-break normalization only; original language, order, numbering and punctuation retained; preserved PDF is authoritative."
W021-2023-PPC-INTERNSHIP-ANNEX-31,Internship,2023,PPC / Annex III,omissions,"Art. 31º Os casos omissos neste regulamento serão julgados no Colegiado do Curso de Informática Biomédica. Parágrafo único - O colegiado do curso pode delegar a análise dos casos omissos à Coordenação e à Comissão de Orientação de Estágio, conjuntamente.",not stated,not stated,not stated,not stated,proven,none,curriculos/2023/fontes/ppc-2023.pdf,548f86328dd3a6940fda5535374882170d083eedb729bba601638bb7f26e4de6,https://ibm.inf.ufpr.br/media/PPC-2-1.pdf,"PDF pp. 24-24, Anexo III, Art. 31º","Whitespace and line-break normalization only; original language, order, numbering and punctuation retained; preserved PDF is authoritative."
