processo_seletivo,curso,campus,ps_ufpr_vagas,sisu_vagas,total_vagas,situacao,fonte,observacao
2017/2018,Informática Biomédica - Bacharelado,Curitiba,24,6,30,confirmado,"Resolução nº 14/17-CEPE","Quadro distingue Processo Seletivo e SiSU."
2018/2019,Informática Biomédica - Bacharelado,Curitiba,,,,lacuna,"Não localizado entre as fontes fornecidas","Sem resolução correspondente no acervo; não inferir a partir de anos vizinhos."
2019/2020,Informática Biomédica - Bacharelado,Curitiba,24,6,30,confirmado,"Resolução nº 04/19-CEPE","Título fixa 2019/2020; o art. 1º traz 2018/2019, aparente erro material interno."
2020/2021,Informática Biomédica - Bacharelado,Curitiba,24,6,30,confirmado,"Resolução nº 68/20-CEPE","Quadro distingue PS-UFPR e PS-SISU."
2021/2022,Informática Biomédica - Bacharelado,Curitiba,24,6,30,confirmado,"Resolução nº 57/21-CEPE","Quadro distingue PS-UFPR e PS-SISU."
2022/2023,Informática Biomédica - Bacharelado,Curitiba,24,6,30,confirmado,"Resolução nº 38/22-CEPE","Quadro distingue PS-UFPR e PS-SISU."
2023/2024,Informática Biomédica - Bacharelado,Curitiba,,,,lacuna,"Não localizado entre as fontes fornecidas","Sem resolução correspondente no acervo; não inferir a partir de anos vizinhos."
2024/2025,Informática Biomédica - Bacharelado,Curitiba,24,6,30,confirmado,"Resolução nº 06/24-CEPE","Quadro distingue PS-UFPR e PS-SISU."
2026,Informática Biomédica - Bacharelado,Curitiba,24,,,parcial,"Edital nº 28/2025-NC/PROGRAP (PS/UFPR 2026)","Edital do PS próprio confirma 24 vagas; não é fonte para vagas SiSU nem total geral."
